"Шифр","Mobile - iOS","Mobile - Android","ML","Frontend","Backend - Python","Backend - NodeJS","Backend - Kotlin","Backend - Java","Backend - Golang","Backend - Custom","Backend - .NET"
v2DCDlW,35.4,,,,,,,,,,
CFQGSRK,34.8,,,,,,,,,,
_40MZfS,25.4,,,,,,,,,,
RQdLCX8,0,0,0,51,86.17,,,1.39,,,
GpscW1h,0,,,48,84.03,,,,,,
qlcqwfr,0,0,0,0,0,0,0,,0,54.32,0
wryjdld,0,0,0,,,,,0,,,
oxbgtyx,0,,,38,0,,,,,,
8qv8RLj,0,,,0,99.16,,,,,,
KzpGpf8,0,,,,,,,,,,
7-~LfGT,0,,49.0,0,0,,,,91.42,,
lGtj2WT,0,,50.0,28,0,0,,,,,
m7MJDLF,0,,,0,0,,,,,,
vB25~qc,0,0,0,0,0,,,,,,
~nsLNWm,0,0,0,0,0,0,,,0,,
Vw~Dz6S,0,0,0,0,0,0,,,0,,0
MLNHZ5s,0,0,0,0,89.04,0,0,0,0,0,0
DM~fTPq,0,0,,0,0,,,0,,,0
86B_hjx,0,,,0,,,,,,,
9J7PNsM,0,0,0,0,0,0,0,0,0,0,0
XDr3L9l,0,0,0,,0,,,,,,
C~VKxdD,0,0,,0,0,,,,,,
wGRd~cz,0,0,0,0,91.65,0,,,,,
Swg9Ct8,0,,,0,0,,,,,,0
pqDfLmX,0,,0,0,0,,,,,,
n_MHjXW,0,,,0,90.15,,,,,,
_WPPkdD,0,,0,0,0,,,,,,
NGPzM8P,0,,,0,0,,,,,,
4X2j-mK,0,,,,,,,,,,0
t2zm4NH,0,0,,,0,,,,,,
6msxSTz,0,,,0,0,0,,,0,,
Ck1xz_M,0,0,,,0,,,,,2.02,
N~NPxLs,0,,,,0,,,,,,
r6H30wl,0,0,0,0,0,0,0,0,0,0,0
W~klgqs,0,,,,,,0,,,,
~qxbJ1J,0,,,0,0,,,,,,
~5k96Q0,0,0,,,,,,,,,
4PtRL_f,0,,0,0,0,,,,,,
x28V_nG,0,0,0,0,0,0,,,0,0,
GsM5z2S,0,0,,0,,,0,0,,0,
_Jtkm2M,0,0,0,0,,55.71,,,,,
XhH7V7m,0,,,,0,0,,0,0,0,0
T_tHspw,0,0,0,0,0,,0,0,,,
069_GZJ,0,43.25,0,34,0,0,0,0,0,0,0
mmjX357,0,0,0,0,0,0,0,,,,
j-K__s0,0,0,,0,0,,,,,,
NjzRKnf,0,,,0,0,,,,,,
KcTBnt2,0,32.52,,0,0,,0,,,,
ctVgJgF,0,0,,,0.0,,,,,,
HsT-6Wc,0,0,,,0,,,,,,
wWk53PM,0,,0,0,0,,,,,,
bc0Z42t,0,,,,87.58,,,,,,
W-bMk1b,0,0,0,0,0,,0,,,0,
gSqD7R3,0,,,0,,,,0,,,
Z2sDQzd,0,0,0,0,0,,,0,,,
cJvs_W4,0,,,0,0,,,,,,
FLWvqmk,0,,,,0,,,,,,
pW-xG1j,0,0,,0,0,,,,,,
chm3mrr,0,0,,0,0,,,,,,
lWM~gqF,0,0,,,,,,,,,
6r7HJq2,0,,0,0,0,,,,,,
dvNbtJ2,0,0,0,0,0,0,,0,0,,0
lhQlWjp,0,,,0,0,,,,,,
jPmgM0V,0,0,63.0,,0,,,,,,
0G_2NZn,0,,0,0,0,0,0,0,0,0,0
ZbdQ6nb,0,,0,0,0,,,,,,
rwGD80t,0,0,,,,,,,,,
1HRLms0,0,0,,,0,,,,,,
NJV5JD4,0,,0,0,0,,,,,,
TkkZQqN,0,0,0,0,0,,,,,,
MpjZG56,0,,,,7.38,,,,,,
fv85rtF,0,0,,,90.52,0,,,,,
-3_mMKJ,0,0,,0,,0,,,,,
mDk1~_n,0,0,0,0,0,,0,0,,0,
xT_d7R3,0,0,0,,,,,,,,
G26D8g0,0,,,0,0,,,,,,
LQVjCg3,0,0,0,0,0,0,0,0,0,0,0
75tkq0k,0,,,,0,,,,,,
vm~J9V1,0,0,0,0,0,,,,,,
JPQfJGz,0,,,,,,,,0.19,,
JWjh34k,0,0,0,0,0,,,,,,
RjkwtDp,0,,0,24,,,,,,,
fGzCJKd,0,0,,,0,,,,,,0
JZz-WnH,0,0,,0,57.23,,,,,,
sRx1_m3,0,,58.0,,,,,,,,
nW2_jcb,0,0,0,0,0,0,,,0,0,
FBq3M4Q,0,0,51.0,,0,,,,,,
1jJRmMw,0,0,0,0,0,0,0,0,85.28,0,0
036wMLB,0,0,0,0,69.79,,,,,,
Rvrwxdc,0,,,,,,,,,,
NVDZDcs,0,0,,0,,,,,,,
QP3sC8h,0,0,55.0,,0,,,,,,
Zgf59L2,0,0,,0,0,,,,,,
QZ3PsVM,0,0,0,0,0,0,0,0,0,0,0
6Mx0tgn,0,0,0,0,0,0,,,0,0,0
3pt8JBv,0,0,0,0,0,0,,,,,
X__cgnw,0,,,,0,,,,,,
PRCdzbf,0,0,0.0,0,0.21,,,,,,
~4Wf45N,0,,,0,0,,,,,,
HM9DBHC,0,0,0,0,0,0,,,0,,
rkbegxf,0,0,0,0,0,,,,,0,
tlkskuv,,78.30,0,0,0,,,,,,
ZxfN6hz,,69.48,,,0,,,,,,
vC2-QhN,,66.00,,,,,,,,,
TbKpZMZ,,62.21,,,,,,,,,
QQ6G7gq,,56.76,,,,,,,,,
GnnXpV6,,55.05,,,,,,,,,
bdH0W1x,,54.85,,,,,,,0,,
HV5vct1,,54.43,,,,,0,,,,0
FZWXNFW,,54.43,,,,,,,,,
CLCnP6W,,50.1,,,,,,,,,
tBxhM7g,,48.7,,,,,,,,,
xCd8kJN,,45.43,,,,,,,,,
2RWK3rT,,45.29,,,,,,,,,
vigxqkd,,45.03,,,,,,,,,
w~W7cbf,,44.99,,,,,,,,,
icnyhvx,,43.25,,,,,,,,,
hppVfSz,,41.94,,,,,0,,,,
lusvxkx,,40.48,,,,,,,,,
LF9cP5M,,39.03,,55,0,,,,,,
qxfs4P9,,36.18,,,0,,,,,,
VW6~t~S,,30.78,0,,,,,,,,
sQ1xRll,,27.21,,,,,,,,,
dBrLXN0,,0.93,0,0,0,,0,,,,
RfMqz25,,0,,,,,,,,,0
qqlzXfL,,0,,,,,,,,,
d_s6BkN,,0,,0,0,,,,,,
C3S~qjF,,0,,0,,,0,,,,
8VJR58g,,0,,,,,,,,,
krqjzwr,,0,0,0,77.91,,,,,,
QVgbV-k,,0,0,0,0,,,,,,
rlGzkL1,,0,,0,0,,,,,,
hgTHdgg,,0,0,0,0,,,,,,
x3Zf-J5,,0,44.0,,,,,,,,
XF~tcHg,,0,,,,,,,0,,
FSsKF4S,,0,,0,0,,,0,,,0
w_xDqlN,,0,0,0,0,,,,,,
8MKhQWP,,0,,23,0,,,,,,
4nPkrkX,,0,,44,0,,,,,,
_Bhqlth,,0,,,56.93,,,,,,
GmTkZDF,,0,,0,35.84,,,,,,
xBCNtkK,,0,,0,0,,,,,,
38xp9WZ,,0,,0,0,,,,,,
VP-Fr3X,,0,46.0,64,92.98,0,,0,,,
KTdJ7rB,,0,0,0,0,,,,,,
WCKVPW9,,0,,0,,,,,,,
HXqZ1s6,,0,,0,0,,,,,,
VBRhKF0,,0,0,0,0,80.17,,,,,
snFnWWX,,0,,,0,,,,,,
JVH8Qwv,,0,0,,0,,,,,,
8Z-p1vP,,0,0,0,0,,,,,,
l3ctsQ9,,0,,,0,,,,,,
D45-9rx,,0,,0,0,,,,,,
KDNZ4pS,,0,0,,0,,,,,,
dLS5~tz,,0,,0,,,,,,,
_pkPL9v,,0,0,,0,,,,,,
gC8Hk8Q,,0,,0,0,,,,,,
9mN1RkL,,0,,,,,,,,,
-FdPLXB,,0,0,0,0,,,,,,
tMFTDxK,,0,,,0,,,0,,,
SBmp6cp,,0,,0,91.8,,,,,0,
5J6W6vt,,0,0,0,0,,,,,,
l1hggNx,,0,0,0,0,,,,,,
S7H7TvJ,,0,0,0,0,,,,,,
FlTf2Sc,,0,0,,0,,,,,,
q9ZlJpS,,0,,0,,86.51,,,0,,
20Zh~Xq,,0,,0,,,,,,,
vLJlhFT,,0,0,0,0,,,0,0,,
DhSjc9l,,0,,,,,,,,,
Z3~1Ps2,,0,0,0,0,,0,0,0,0,0
GZNsK-q,,0,,,,,,,,,
77jCQ9l,,0,,,,,,,,,
BLRljCC,,0,,74,,91.95,,,,,
6d~W2DZ,,0,0,0,0,,,,,,
d6LQs6r,,0,,0,,0,,,,,
L1Lkj99,,0,0,0,,,,,,0,
k11LkfF,,0,,,,,,0,,,
l-1gB3k,,0,0,0,0,,,,,0,0
w8ZqPsh,,0,,0,87.12,,,,,,
bjVpRfq,,0,0,0,0,,,,,,
bFPckBW,,0,,0,,,,0,,,
JQZ-tgr,,0,36.0,,0,,,,,,
_q8pF1L,,0,0,,0,0,,,,,
tTSW_wf,,0,,11,0,,,,,,
vccZr~N,,0,,,,,0,,,,
vGM46mt,,0,,49,82.7,,,,,,
j3M~73K,,0,,0,0,,,,,,
shxhPts,,0,,0,22.88,,,,,,
hdk4J_0,,0,,,0,,,,,,
MDVtxLq,,0,,,0,,,,,,
zggKcbN,,0,0,0,,,,,,,81.03
q_2f2_4,,0,0,0,0,,,,,,
G0x5Rrn,,0,0,0,0,0,,,0,,
NMFTqv7,,0,,,0,,,,,,
3rvB3xH,,0,0,,,,,,,,
f3Mz_hl,,0,0,0,0,,,,,,
HZhG1bp,,0,,,,,,,,,
NT07cqC,,0,44.0,0,0,,,,,,
B2PddJS,,0,,39,,,,,,,
t4Tm4z1,,0,0,0,0,,,,,,
DTSbRcM,,0,,,,,,,,,
g9THfjH,,0,,,0,,,,,,0
0bV4FX4,,0,,0,0,,,,,,
FNt5-NQ,,0,,0,0,0,,,,,
z~s9qLv,,0,0,0,0,,,,,,
B1MTTkk,,0,0,50,,,,,,,
KgTTGXm,,0,,,0,,,,,,
RRZvG3j,,0,,,,,,,,,
s9DZK8X,,0,0,,0,,,,,,
0gt0481,,0,0,0,0,,,,,,
XPgN-QM,,0,39.0,,0,,,,,,
4xPhMKP,,0,0,62,96.63,,,45.32,,,
W-JscjP,,0,,,0,,,,,,
0sp321W,,0,,0,0,,,,,,
1DFXgzZ,,0,0,0,,,,,53.38,,
Mcw~xTf,,0,,0,0,,,,,,
QRkWDT9,,0,0,0,0,,,,,,
N0j2dZT,,0,,,,,,,,,
1vrrbt5,,0,0,0,0,,,,,,
gDK7F_n,,0,,23,,,,,0,,
BPT-4jC,,0,0,0,0,,,,,,
NLF-3wK,,0,0,0,0,,0,,,,0
lrPtNbF,,0,,0,0,,,,,,
kBXGfWZ,,0,0,0,0,,,,,,
6C9SW~S,,0,,0,0,,0,0,,,
fmHdTwm,,0,0,0,0,,,,,,
Gn_-bWv,,0,0,0,0,,,,,,
WLPXD~D,,0,,,0,,,,,,
0XnSh1M,,0,0,0,0,,,,,,
2ZML69x,,0,0,,0,,0,0,0,,
qcTWcmJ,,0,0,0,,,,,0,,
JXWL06V,,0,,0,0,,,,,,
S~~s6bz,,0,46.0,,0,,,,,0,
xJwWfdR,,0,,0,0,,,,,,
Q4LGKHW,,0,0,0,82.32,,,,,,
kqtsdsf,,0,0,,,,0,,,,
Xc2Pd9W,,0,0,47,0,,,,,,
90BKnWn,,0,44.0,65,95.17,,,,,,
2XhmqQM,,0,0,,0,,0,,0,,0
svhspxQ,,0,0,0,0,0,,,,,
7DxRLdT,,0,0,0,87.94,,,,,,
zVMjbz5,,0,,0,0,,,,,,
7xPfn1D,,0,0,0,0,,,0,,,
jks2VQc,,0,0,0,0,,,,,,
j9Xb2kM,,0,,,,,,,,,
8ncQ-tm,,0,,0,,,,,,,0
Jrb29B8,,0,0,0,0,,,,,0,
bM7C9Nj,,0,,,,,,,,,
3NjM4Kp,,0,0,0,0,,,,,,
RrL5cgs,,0,0,0,0,,,,,,
4v3BVLx,,0,52.0,62,94.32,,,,,,
cZJ~JLX,,0,,,0,,,,,,
77_tPfD,,0,0,0,0,,,,,,
6vKMt4R,,0,0,0,0,,,,,,
15bZcVh,,0,,0,,,,,,87.51,
8Gl_DdG,,0,,0,0,,,,,0,
df910N9,,0,,0,0,,,,,,
Ks~2hmb,,0,,20,,,,,,,
1CZXZNr,,0,0,0,0,,,,,,
CPT3FcD,,0,,0,0,,0,,,0,
Pvwg0zv,,0,,0,,,,0,,,
w7_TZNc,,0,,,85.3,,,,,,
X3spcd9,,0,,,87.53,,,,,0,
PW-ngbS,,0,0,51,0,0,,,,,
l2x20-s,,0,,0,0,,,,,,
XZLq0tn,,0,,,0,,,,,,
gPkg-Zz,,0,,0,,,,,0,,
_j7FwKG,,0,0,0,0,,,,,,
sh_xDsB,,0,,0,0,,,,,,
8D7fTWt,,0,,,,,,,,,
CfJ8nsv,,0,0,,0.21,,,,,,
HQ1JRtT,,0,77,0,0,,0,,0,,
VD196NK,,0,,64,0,,,,,0,
wpF9mWr,,0,0,0,0,,,,,,
MZRtCXc,,0,73,0,,,,,,,
XJDxkRh,,0,0,0,0,,,,,,
Lc_Rc2T,,0,0,0,0,,,,,,
_csLqJ7,,0,,,,,,,,,
8R1xXVR,,0,42.0,98,0,,,,,,
ZK0t4tl,,0,,,65.98,,,0,,,
CSxr-9x,,0,,0,0,,,,,,
gtvcusd,,0,0,0,96.83,,,,,,
cworcvi,,0,,,,,,,,,
cyqqwsh,,0,0,0,89.28,,,,,,
d~HM5TJ,,,74,,,,,,,,
NLwN5KW,,,71,,,,,,,,
MSv25nq,,,71,,0,,,,,,
kJLqkJl,,,69,,,,,,,,
SfcLLc1,,,67,,,,,,,,
KB9pkkH,,,67,,93.25,,,,,,
mlCkJ5w,,,66,,,,,,,,
WmB92TF,,,66,,0,,,,0,,
cbhmsr2,,,63,0,0,,,,,,
06PW5sS,,,62,,,,,,,,
HWDHgZw,,,62,,0,,,,,,
hikdpiz,,,60,,,,,,,,
wW7tQrr,,,58,,,,,,,,
wC2txG2,,,58,,,,,,,,
ZkzH8bL,,,58,,,,,,,,
S~NXCzr,,,58,,,,,,,,
CrzVXfd,,,58,,87.17,,,,,,
NZBRKs1,,,58,,0,0,,,0,,
nlH1tVt,,,57,,,,,,,,
lq-bk26,,,57,,,,,,,,
rkH4WJT,,,56,,,,,,,,
6H_8_Gs,,,55,,0,,,,,,
GXxTsnf,,,55,,,,,,,,
m_Tjxwf,,,55,,0,,,,,,
1x6w0Np,,,55,0,0,,,,,,
5TDwjzB,,,55,,,,,,,,
vZKlpsc,,,54,0,0,,,,0,,
Kpdxbbx,,,54,0,,,,,,,
r4PJ5~g,,,54,,,,,,,,
qjx1KlZ,,,53,0,0,,,,,,
4Dlg4Z1,,,52,0,,,,,,,
k_-P2N1,,,52,,,,,,,,
84kCjmp,,,52,,84.44,,,,,,
9B51nbf,,,51,,0,,,,,,
D_b56JJ,,,50,,,,,,,,
RwlS0D3,,,50,0,0,,,,,,
bCPxd81,,,50,,,,,,,,
m677pt8,,,50,,0,,,,,,
8VMgbR4,,,50,0,0,0,,0,,,
Jd3Qf-q,,,49,,,,,,,,
gGBwcbf,,,49,,,,,,,,
gqvVvKS,,,49,,0,,,,,,
G-j_p3w,,,48,0,91.69,,,,,,
JW-VLhD,,,48,,,,,,,,
z0B8tTw,,,47,,,,,,,,
CBGVGRk,,,47,,,,,,,,
P8W0wsK,,,47,0,0,,,,,,
h-9LcPg,,,47,,0,,,,,,
CmHj-LL,,,46,,0,,,,,,
vD8CxWj,,,46,,,,,,,,
bmRNwgn,,,45,,,,,,,,
Nz7Zhrg,,,45,,,,,,,,
f~2df6w,,,45,,,,,,,,
mnL9QlN,,,45,,84.27,,,,,,
bbniymx,,,45,37,,,,,,,
NpDWsHR,,,44,61,97.69,,,,,,
HwPh-tS,,,43,,,,,,,,
xQTBNVt,,,43,,0,,,,,,
T1~K~wW,,,42,,0,,,,,,
ZzdwT9c,,,42,,96.0,,,,,,
MPx9t9T,,,41,0,0,,,,,,
~dDmCGF,,,41,,0,,,,,,
H3Qk_GK,,,40,,,,,,,,
hzwjDdX,,,40,36,,,,,,,
vgL7QPT,,,40,,,,,,,,
0M_JNJ3,,,40,,,,,,,,
vbT-JpG,,,40,,,,,,,,
XdXRB5L,,,40,,,,,,,,
3cPTQSL,,,40,91,88.72,,,,,,
9kvJTT6,,,39,,,,,,,,
kZt_kJB,,,39,,0,,,,,,0
-TV7HBr,,,38,0,0,,,0,,,
s32Lzd6,,,38,,0,,,0,88.59,,
NcSskXp,,,37,,0,,,,,,
TdcL~ns,,,37,,0,,,,,,
KhcnMfb,,,37,,,,,,,,
jihvkxr,,,37,,,,,,,,
rtfhifh,,,36,,,,,,,,
KMq8bkb,,,36,,,,,,,,
9V_Z5JC,,,36,,,,,,,,
JSqGCwl,,,36,,0,,,,,,
8LMKGKh,,,36,,,,,,,,
pRCNc4M,,,34,0,,,0,,,,
VQ90JkJ,,,33,,0,,,,,,
5P0gBd0,,,33,,,,,,,,
qPzbcXH,,,31,0,0,,,,,,
Q~VNd58,,,31,,0,,,,,,
JM1VQWC,,,30,,,,,,,,
WQmST7t,,,30,,,,,,,,
QkVBcc4,,,29,,0,,,,,,
gwLgnGn,,,29,,0,,,,,0,55.23
T8z110J,,,27,,80.14,,,,,,
HRxTnNq,,,25,,0,,,,,,
~4HWNTr,,,23,,0,,,,,,
TZGLZ9Z,,,12,,,,,,,,
-qrRQCm,,,0,,,,,,,,
N-MbF~Q,,,0,,,,,,,,
jt_xqLS,,,0,,0,,,,,,
tNNSN~l,,,0,,,,,,,,
GVcDlhS,,,0,0,0,,,,,,
TKv6RGb,,,0,,,,,,,,
dk6rBJl,,,0,,,,,,,,
LtXwhn9,,,0,,0,,,,,,
frJd3xQ,,,0,,90.86,,,,,,
7RV2Vfx,,,0,0,0,,,,,,
HrqRnrd,,,0,,0,,,,,,
j1pc13C,,,0,,,,,,,,
3sHkjRn,,,0,,,,,,,,
lscGKdv,,,0,,,,,,,,
wJK3k~s,,,0,,,,,,,,
BjHq4s1,,,0,,71.13,,,,,,
~q3R69Q,,,0,,0,,,,,5.12,
GsRw0cJ,,,0,,,,,,,,
rc4KrSk,,,0,,,,,,,,
lxgMh8v,,,0,0,0,,,,,,
bxzt1vr,,,0,,0,,,,0,,
3RFtPJd,,,0,0,0,,,,,,
tlX5pgz,,,0,,0,,,,,,
SQjwV4C,,,0,,,,,,,,
0B1H-n4,,,0,,,,,,,,
Zf8d1p4,,,0,,,,,,,,
pLgfb_V,,,0,,0,,,,,,
wXm6F~D,,,0,,96.58,,,,,,
LKhKB0d,,,0,,0,,,,,,
rnbGsqS,,,0,,0,,,,,,
nbW8CD1,,,0,,0,,,,,,
zzvkqno,,,0,,0,,,,0,,
hp25cMg,,,0,,,,,,,,
3dDX2pb,,,0,,,,,,,,
4dKWKNK,,,0,,92.41,,,,,,
M4K2WzV,,,0,,,,,,,,
4CSNkjC,,,0,,,,,,,,
QG9z38k,,,0,,0,,,,,,
vd1vCLz,,,0,,0,,,,,,
TLm6gcX,,,0,,0,,,,,,
x75dkh1,,,0,59,0,,,,,,
zxJfbLg,,,0,0,,,,,,,
~7Q3d3X,,,0,,0,,,,,,
bvMxplx,,,0,0,0,,,,,,
p_3t3l2,,,0,,,,,,,,
5D-5mt0,,,0,,0,,,,,,
wdblrr0,,,0,,0,,,,0,0,
pghkV8L,,,0,,0,,,,,,
W38fq2c,,,0,95,0,,,,,,
j6b1Z7K,,,0,0,0,,,,,,
KdXbHTV,,,0,,0,,,,,,
92Z2LpR,,,0,0,,,,,,,
cVZ2bqZ,,,0,,,,,,,,
LhPNK1D,,,0,,0,,,,,,
NbjPspV,,,0,,70.96,,,,,,
Gss2bMJ,,,0,,0,,,,,,
N3z_~qV,,,0,,0,,,,,,
r6DMJLh,,,0,,0,,,,,,
f4PhGzT,,,0,,0,,,,,,
mjpb64X,,,0,,,,,,,,
-9q3MvV,,,0,,,,,,,,
GknTqLf,,,0,,0,,,,,,
rgbChJK,,,0,,0,,,,,,
LPw9DlX,,,0,,,,,,,,
S7qC0Xw,,,0,,0,,,,,,
uhclecs,,,0,0,0,,,,96.77,,
tyrxiit,,,0,8,,,,,,,
ymtaeww,,,0,0,,,,,0,,
chiplqf,,,0,,0,,,,,,
H6CX6lX,,,0,51,93.76,,,,,,
Zkj~pCL,,,0,,0,,,,,,
Dj0VcBM,,,0,0,87.65,,,,,,
sgR79_J,,,0,,0,,,,,,
z0q-M1q,,,0,,0,,,,,,
vstCMpc,,,0,,,,,,,,
xHb1jM9,,,0,0,0,,,,,,
kXcFFM2,,,0,,,,,,,,
r_x~dwr,,,0,,0,,,,,,
W8n5DdC,,,0,,,,,89.86,,0,
QKNvSb2,,,0,0,0,,,,,,
t7gbNgR,,,0,,,,,,,,
cMTW~j8,,,0,,,,,,,,
XFWN3Ch,,,0,,0,,,,,,
P6GSqmF,,,0,,0,,,,0,,
8S0Vshk,,,0,0,0,,,,,,
2VsRFh9,,,0,,79.42,,,,,,
BLRTbnS,,,0,,12.4,,,,,,
X27gHcQ,,,0,,0,,,,,,
hBb26Vq,,,0,0,,,,,,,
sgwHc0T,,,0,,0,,,,,,
3FnqvjR,,,0,49,0,0,,,,,
8VKJ_f8,,,0,0,0,,,,,,
ZSfs6HH,,,0,0,68.59,,,,,,
nWNN95M,,,0,0,,,,,,,
g-_1fB4,,,0,,,,,,,,
nJSrWRj,,,0,,58.48,,,,,,
j9xP0j1,,,0,75,,0,,,,,
Q0ZnTQX,,,0,11,0,,,,,,
vW0GVzN,,,0,,0,,,,,,
d6nFncK,,,0,0,0,,,,,,
mDXjxKz,,,0,0,,0,,,,,
dvbNpKP,,,0,,,,,,92.6,,
~ddT2n3,,,0,,70.83,,,,0,,
LcjzXrt,,,0,,,,,,,,
X1l53zT,,,0,,0,,,,,,
hL0S8BM,,,0,,,,,,,,
J2BJ3_k,,,0,0,0,,,,,,
s6drwXm,,,0,0,,,,,,,
Qf_Cj3M,,,0,0,0,,,,,,
8FFlL2s,,,0,31,0,,,,,,
pxCVDBv,,,0,0,0,,,,,,
RbGLRxq,,,0,0,49.63,,,,,,
5H-1kDP,,,0,15,0,,,,,,
pJ~JdtP,,,0,99,0,,,,,,
rF6Snh3,,,0,,0,,,,,,
-MN7T5F,,,0,,0.21,,,,,,
xchLD2t,,,0,0,,,,,,,42.98
vPt7ftl,,,0,,74.33,,,,,,
D50DsGW,,,0,0,,,,96.93,,,
0wZb~4s,,,0,0,0,,,,0,0,
ouclmix,,,0,59,0,0,0,,,,
Nn5gkfF,,,0,,0,,,,,,
Mhl_42M,,,0,0,0,0,,,,,
tj3hmRT,,,0,,,,,,,,
58RFJFX,,,0,0,0,,,,,,
sPxS8V5,,,0,0,0,,,,,,
3Gg_R4k,,,0,0,0,,,,,,
LQvhtSV,,,0,,,,,,,,
dZ1dVr5,,,0,,,,,,,,
M0hltrB,,,0,,0,,,,,,
zdmk_6p,,,0,,0,,,,,,
p-2XHZX,,,0,36,0,,,,,,
k2p9mC8,,,0,58,0,,,,,,
w12xWlR,,,0,,0,,,,,,
N_Gq-n2,,,0,,0,,,,,,
CpgQHQd,,,0,,,,,,,,
PB_Dr3h,,,0,0,95.47,,,,,,
7jJ9qHB,,,0,,0,,,,,,
kdFXGBw,,,0,0,0,,,,,,
-_4p54V,,,0,0,,,,,,,
6NFBwdG,,,0,0,90.56,,,,,,
6Q_Zw1p,,,0,,0,,,,,,
~ZsTK~1,,,0,,,,,,,,
r4LR8JD,,,0,0,93.29,,,,,,0
sbqRdj9,,,0,,0,,,,,,
LDSHC5z,,,0,0,81.34,,,,,,
bJnCpVv,,,0,,,,,,,,
BMnnrqX,,,0,,,,,0,,,
9tlmLr5,,,0,,,,,,0,,
00L7BcH,,,0,,0,,,,,,
NwRj7h8,,,0,,,,,,,,
TtWw9hN,,,0,0,,,,,,,
kS-KmLf,,,0,,,,,,,,
mlXJsNf,,,0,,0,,,69.42,,,
5lt4HVc,,,0,,0,,,,,,
-ZjVr1h,,,0,0,0,,,,,,
XzRjqjh,,,0,23,0,,,,,,
SMSSKm5,,,0,0,0,,,,,,
zlwZF03,,,0,0,84.02,,,,,,
s4PWhkG,,,0,0,97.98,,,,,,
rZvM2V1,,,0,,0,,,,,,
5NmdKH6,,,0,,,,,,,,
DKcC5Nc,,,0,,0,,,,,,
gDCsNDT,,,0,,0,,,,,,
s4s5Sj0,,,0,0,0,,,,,,
NB4s8Wj,,,0,,71.52,,,,,,
XfKKPbG,,,0,0,0,,,,,,
G_8wP7p,,,0,,,,,,,,
mPhqqZW,,,0,,,,,,,,
RgC3xJp,,,0,0,0,,,,,0,
KJS6_SH,,,0,,0,,,,,,
wTHDLDL,,,0,0,0,,,0,0,0,
TPpsF_w,,,0,,0,,,,0,,
brWVvb4,,,0,,96.84,,,,,,
Vhvl3rm,,,0,0,0,,,,,,
pWDBNpK,,,0,,0,,,,,,
vlbFx~3,,,0,,44.74,,,,,,
RC2-rTb,,,0,,1.29,,,,,2.97,
pVR9L~K,,,0,0,,,,,,,
HHFcZzJ,,,0,,0,,,,,,
cQTfcPs,,,0,0,,,,,,,
mVzm9Xl,,,0,13,0,,,,,,
0psj2-X,,,0,,,,,0,,,
fwBlbzn,,,0,,,,,,,,
BnpDjhV,,,0,,0,,,,,0,
sNSP1M7,,,0,,,,,,,,
P~lVrQB,,,0,0,0,,,,,0,0
0KHtkfv,,,0,0,,0,,,,,
6ls46PG,,,0,0,40.07,,,,,,
R8p9Pql,,,0,,90.3,,,,,,
6ZgxdN6,,,0,0,0,,,,,,
Sl2HSvn,,,0,89,0,,,,,,
JVr8RTz,,,0,,,,,,,,
tFJhjll,,,0,,0,,,,,,
wVkpvKM,,,0,,,,,,,,
J0M2kDJ,,,0,,0,,,,,,
0-W5CVL,,,0,,,,,,,,
v4ZQkds,,,0,0,0,,,,,,
13qrbLm,,,0,,0,,,,,,
TMl20kD,,,0,0,0,,,,,,
50ptC-S,,,0,,98.09,,,,0,,
4bwM1D9,,,0,,,,,,60.34,,
pK6Xhqh,,,0,0,,,,,,,
RbPs4d4,,,0,,0,,,,,,
Jw5c_8v,,,0,61,0,,,,,,
fM7_Z6T,,,0,0,61.71,,,,,,
kbgppkN,,,0,,0,,,,,,
8zGq6-z,,,0,0,64.33,,,,,,
Rqq5cZC,,,0,0,0,,,,,,
2KrGw17,,,0,,0,,,,,,
Xl9Z~Dk,,,0,0,0,,,,,,
ND-ZBs3,,,0,0,0,,,,,,
Pxq8r1D,,,0,,90.18,,,,,,
7txpgXR,,,0,,0,,,,,,
hR5F_d0,,,0,0,0,,,,,,
KpgS7Nj,,,0,,,,,,,,
cN896Tz,,,0,0,,,,,,,
mDHNl3v,,,0,97,,,,,,,
j-zR94g,,,0,0,0,,,,,,
pN4BQJn,,,0,89,0,0,,,,,
MCwTl6r,,,0,,,,,,,,
cN4TxsT,,,0,,0,,,,,,
PGdQpkf,,,0,,,,,,,,
pMdjsgs,,,0,30,0,,,0,,,
TNG14v1,,,0,,,,,,0,,
Ql~dWpm,,,0,,,,,,,,
t_VkKFN,,,0,,0,90.97,,,87.7,,
lbs3HmJ,,,0,0,0,,,,,,
NztZXhP,,,0,35,0,,,,,,
7V_XGQD,,,0,,0,,,,,,
t0twPz3,,,0,,0,,,,,,
s2TcK~D,,,0,0,0,,,,,0,
ztgcowp,,,0,0,0,,,,,,
xPCpP9G,,,0,,0,,,,,,
x0Hs2Tp,,,0,,0,,,,,,
n9x42nP,,,0,,84.99,,,,,,
~GXPpWd,,,0,,,,,,,,
lmmKK7H,,,0,,0,,,,0,,
6wndNlz,,,0,0,95.94,,,,,,
RG_q~VW,,,0,0,89.88,0,,,,,
KJ0kkzC,,,0,,0,,,,,,
qv~vxzw,,,0,0,0,,,,,,
-8Cdspq,,,0,0,0,,,,,,
tnhdkkC,,,0,,0,,,,,,
k~kSP4H,,,0,98,0,,,,,,
nvHQJ7M,,,0,,0,,,,,,
5bv-smC,,,0,,0,,,,,,
qWkWq5p,,,0,0,92.99,,,,,,
5j2gXww,,,0,,0,,,,,,
7p4QRTr,,,0,0,0,,,,,,
NJkFHr7,,,0,0,0,,,,,,
4RXQXgH,,,0,,0,,,,,,
V1K9fVw,,,0,78,,,,,,,
m3sz87Q,,,0,,0,,,,,,
PVGr2Ml,,,0,0,,,,,91.85,,
5K8BL~R,,,0,0,0,,,,,,
XKhT86M,,,0,,0,,,,,,
yengemd,,,0,0,0,,,,,,
xjpnisr,,,0,0,,90.78,,,,,
mGCfcXr,,,,98,,,,,,,
xbtivuy,,,,94,,,,,,,
kcqwlot,,,,93,,,,,,,
jxdkxqv,,,,92,,,,,,,
ckdqija,,,,91,,,,,,,
G~pHWqn,,,,91,0,,,0,,,
lTbZXbG,,,,9,0,,,,,,
zszSHRv,,,,87,,,,,,,
lVlTJRx,,,,85,,,,,0,,
P23lhzj,,,,83,,,,,,,
rghdpjo,,,,81,89.5,,,,,,
b-K7dws,,,,80,,,,,,,
eccljfv,,,,80,,,,,,,0
autbhrr,,,,77,,,,,,,
orpmhyl,,,,77,,,,,,,
v24dwSl,,,,76,0,,,,,,
XmD81cK,,,,74,,,,,,,
BzqtpXq,,,,72,,,,,,,
3scf24b,,,,72,,,,,,,
FGGx_1n,,,,70,,0,,,,,
92qbHcP,,,,7,,,,,,,
6DdHKV9,,,,68,,,,,,,
SbF5VBt,,,,64,83.23,,,,,,
b5bq_GK,,,,61,96.9,,0,,,,
3PSL-Kn,,,,60,,,,,,,
fxp0~_X,,,,6,0,,,,,,
27f7wL1,,,,6,0,,,,,,
0z1n16D,,,,59,,,,,,,0
b7_B_Lz,,,,57,,,,,,,
yhyqqht,,,,56,,,,,,,
6VvQkDj,,,,55,,,,,,,
t-HzH5K,,,,55,,,,92.69,,,
wWmPpHt,,,,54,,,,,,,
BKKh1zG,,,,54,,,,,,,
r7WQfGM,,,,54,0,,,,,,
KSk2xCD,,,,53,,,,,,,
dqBdvCt,,,,53,,,,,,,
RTG7b1W,,,,53,,,,,,,
qPsj~nQ,,,,52,0,,,,,,
ZDmM3Jx,,,,52,,,,,,,
CrBc74Z,,,,49,,,,,,,
_ZWw7db,,,,49,,,,,,,
rulbrhj,,,,49,,,,,,,
0WtDl~w,,,,47,0,,,,,,
0gKN6pk,,,,46,,,,,,,
knBC7TN,,,,45,,,,,,,
Dlvn14f,,,,45,,,,,,,
bGtFhW7,,,,45,,,,,,,
SXP1DTx,,,,44,,,,,,,
gmrZrDs,,,,44,0,,,,,,
k4~vTD9,,,,44,0,,,,,,
vj4tWdt,,,,44,94.0,,,,,0,0
DpV~Zs5,,,,42,,,,,,,
dbrzR~X,,,,40,87.57,,,,,,
GWHn8L6,,,,35,,,,,,,
rm-mHpf,,,,33,0,0,,,,,
DW0xDt0,,,,31,,,,,0,,
Jm_Vbmc,,,,3,0,,,,,,
2fkWLCn,,,,28,0,,,,,,
0sr1FRZ,,,,27,,,,,0,,
m1Lfb2w,,,,27,,,,,,,
X8_cg_g,,,,27,,0,,,,,
Dv~GtJT,,,,27,0,,,,,,
THg4p6v,,,,26,0,,,,,,
RR_jxBH,,,,24,,,,,,,
CPb2Rd9,,,,24,,,,,,,
d3QPSnc,,,,23,,,,,,,
t_sMW6q,,,,23,,,,,,,
FbsfQSQ,,,,22,,,,,,,
RJ1kSpX,,,,22,38.97,,,,,,
x4TGfj5,,,,21,,,,,,,
msKSm6N,,,,20,0,,,,,,
2T_hJ4v,,,,2,0,,,,,,
j9nnghP,,,,2,0,,,,,,
Th2J4Cx,,,,2,0,75.84,,,,,
JZDGtRk,,,,2,,,,,,,
PTvLwqQ,,,,2,0,,,,,,
W1pR9lB,,,,19,,,,,,,
rjZ43MF,,,,15,0,,,,,,
dmtVVS4,,,,15,0,0,,,,,
w6z5xZr,,,,13,,,,,92.09,,
h3-WMR4,,,,13,,,,90.29,,,
Kxvq24G,,,,13,,,,,,,
RtsjNkL,,,,13,,,,,,,
6nTDhvv,,,,13,84.64,,,,,,
Pp7Cd3X,,,,12,,,,,,,
rD-xhj6,,,,12,,0,,,,,
Vqqzprz,,,,11,,,,,,,
M~5kz94,,,,10,,,,,,,
RbbM~R4,,,,1,,,,,,,
Lz9tmQ9,,,,0,,,,,,,
H_3LkKR,,,,0,,0,,,0,,
kd3p749,,,,0,0,,,,,,
R278J9D,,,,0,,,,,,,
f2hWkpH,,,,0,,,,,,0,
jL0gwRg,,,,0,,,,,,,
_Qw65LQ,,,,0,0,,,,,0,
ZF9nbzJ,,,,0,0,,,,,,
FFkNC~F,,,,0,0,,,,,,
TMkdLtG,,,,0,,,,,,,
p4NwXrN,,,,0,,,,,,,
dT5P78q,,,,0,,,,,,,
HSBQ~kd,,,,0,0,,,,,,
kwMHTBC,,,,0,,,,,,,
qtGqKRg,,,,0,0,,,,,,
ejapybg,,,,0,,0,,,0,0.12,
C9qDCh4,,,,0,,,,,,,
xDvtcHP,,,,0,0,,,,,,
dXRj85L,,,,0,0,,,,,,
WL0dQKp,,,,0,0,0,0,,,,
rc2j354,,,,0,0,,,,,,
fgP~fxM,,,,0,,,,,85.08,0,
RDGWH0H,,,,0,,,,,,,33.94
NgqJLZB,,,,0,77.98,,,,,,
6qfkk7m,,,,0,0,,,,0,0,
W21g66K,,,,0,0,,,,,,
pG0t4dS,,,,0,0,,,,,,
83C_sLs,,,,0,0,88.8,,,,,
WmvqpCt,,,,0,,,,,,,
05Zl5Jl,,,,0,96.58,,,,,,
w33x8rR,,,,0,0,,,,,,
nC328ZH,,,,0,0,,,,,,
xFvwPtx,,,,0,0,,,,,,
lKMSxq9,,,,0,41.02,,,,,,
DRl3gS1,,,,0,0,,,,,,
CS~23jr,,,,0,,,,,,,
jSHwQPK,,,,0,,0,,,,,
XkJPTm6,,,,0,0,,,,,,
KrQRCWg,,,,0,,,,,,,
Xdx1w8q,,,,0,,,,,,,
8d2bNSf,,,,0,0,,,,0,,
3SWp9B6,,,,0,,0,,,,,
QjWRZWW,,,,0,0,,,,,,
rXRMvRx,,,,0,0,,,,,,
PZ282_Z,,,,0,0,,,,,,
MTkBsZs,,,,0,0,,0,0,,,
g_K_nZw,,,,0,0,,,,,,
Lnn18WX,,,,0,,,,,,,
jgXShjW,,,,0,,,,,,,
drzjbwc,,,,0,,,,,,,
rMZ7b0d,,,,0,0,,,,,,
TMH7pk7,,,,0,0,,,,,,
TQ7gVb4,,,,0,,,,,,,
Ds79Wvv,,,,0,,96.8,,,0,,
r3Nx6CP,,,,0,0,,,,,,
zSx4jvj,,,,0,,,,,80.07,,
7gWL0DQ,,,,0,0,,,,,,
MHVJ4c7,,,,0,0,,,,,,
Q8ZW8-G,,,,0,0,,,,,,
0RXflfv,,,,0,,,,0,,,
5n-77rd,,,,0,0,,,,,,
~dNR2HX,,,,0,,,,,,,
v-x8n6N,,,,0,0,,,,,,
6KW7cP5,,,,0,0,,,,,,
q_489BX,,,,0,,,,,,,
-nj1bDP,,,,0,6.51,,,,,,
4tSCFG8,,,,0,0,,,,,,
pgrNj4X,,,,0,0,0,,,,,
4GFsLrK,,,,0,0,,,,,,
gWNRlvV,,,,0,78.4,,,,,,
9vJxqfN,,,,0,0,,,,,,
lXC-MLd,,,,0,0,,,,,,
mdX3hkb,,,,0,,,,,,,
8mP3VVM,,,,0,89.58,0,,,,,
zpzw8bS,,,,0,,0,,0,,,
tH25J6c,,,,0,0,,,,,,
GkhbCH1,,,,0,,,,,,,
cfr-L0J,,,,0,,,,,,,
rBmdr6l,,,,0,0.21,,,,,,
d-~1Zp2,,,,0,,,,,64.96,,
ZXNfZMf,,,,0,,,,,,,
Sj5Dp_M,,,,0,,,,,,,
rvmt6L7,,,,0,0,,,,,,
7J8Qb23,,,,0,0,,,,,,
1dQP4~t,,,,0,0,,,,,,
Cbr-Gdk,,,,0,0,,,,,,
DKdW3fs,,,,0,0,,,,,,
lMkLSwR,,,,0,0,,,0,0.19,,
8rf5~1b,,,,0,0,,,,,,
hZ4_J33,,,,0,,,,,,,
9zbpSM2,,,,0,0,,,,,,
v-L7mVQ,,,,0,79.2,,,,,,
XsqqjxB,,,,0,94.3,,,,,,
F45z2NH,,,,0,,,,,,,
~13-FXt,,,,0,0,,,,,,
l~jwGWz,,,,0,0,,,,,,
GRvlvRp,,,,0,,,,,,,
dbB52Z7,,,,0,,,,,,,
dfjr78n,,,,0,54.31,,,,,,
FC9Lx7s,,,,0,0,,,,,,
mtSlqZk,,,,0,0,,,,,,
943Bqkp,,,,0,0,,,,,,
Nv3--w1,,,,0,0,,,,,,
PNdtVCQ,,,,0,91.15,,,,,,
NnsZthq,,,,0,4.08,,,,,,
mlx87B5,,,,0,,,,,,,
zcXjJbL,,,,0,,,,,,,
Zc8hnSW,,,,0,0,,,,,,
7ZDQrFd,,,,0,0,,,,,,
m0x~Bmc,,,,0,,,,,,,
LN3wHxt,,,,0,0,,,,,,
dFS25HR,,,,0,,0,,,,,
C878z3r,,,,0,18.91,,,,,,
9p6Ms-6,,,,0,0,,,,,,
ks3s8rj,,,,0,,,,,,,
lb~2sbB,,,,0,66.72,,0,,,,
9WHVBkB,,,,0,0,,,,,,
mRK~wg6,,,,0,,,,,,0.12,
p049wlV,,,,0,0,,,,0,0,
CWX00b1,,,,0,,,,,,,
R~jdc_3,,,,0,0,,,,,,
Q6mT888,,,,0,0,,,,,,
jXWhm0x,,,,0,,,,,86.77,,
0kF3MpC,,,,0,0,,,,,,
R8kXDJG,,,,0,0,,,,,,
nTc1GHk,,,,0,,,,,,,
LCwDZGw,,,,0,,,,,,,
VqT2zLF,,,,0,0,,,,,,
x4NN0GC,,,,0,0,,,,,,
-t4Lvkb,,,,0,0,,,,,,
P6W8LbV,,,,0,,,,,,,
5L8Z_fd,,,,0,0,,,,,,
lfJ_9Wl,,,,0,,,,,,,
f9-_s6v,,,,0,63.35,,,,,,
K1KRrd8,,,,0,,,,,,,
MwGdFC3,,,,0,,,,0,,,
h8cvgBv,,,,0,,,,,0,,
DgQC-~2,,,,0,0,,,,,,
ltqhJF7,,,,0,0,,,,,,
sdl8H_k,,,,0,,,,,,,
N1DmM6V,,,,0,,,,,,,
Hd-~z~m,,,,0,,,,,,,
X6r4hfg,,,,0,0,,,,,,
w8znRh6,,,,0,,0,,,,,88.76
QZTdck3,,,,0,,,,,,,
9Mc-rkV,,,,0,,,,,,,
1v_dzD2,,,,0,0,,,,,,
fQddZPq,,,,0,,,,,,,
PZ7cN00,,,,0,0,,,,,,
37w2Zfj,,,,0,,,,,,,
b3_9ZXb,,,,0,0,,,,,,
j68hHSV,,,,0,0,,,,,,
w36xpS3,,,,0,,,,,,,
-fXq_Ck,,,,0,0,,,,,,
mhnpR8w,,,,0,,0,,,,,
c2WWgqp,,,,0,1.44,,,,,,
jNDMMt3,,,,0,,0,,,,,
dv583Mb,,,,0,0,,,,0,0,
Dq40s-m,,,,0,0,,,,,,
DXh-kQj,,,,0,0,,,,,,
KxH7Hlm,,,,0,,,,,,,
Qpj4TJK,,,,0,,0,,,,,
v7zBLXX,,,,0,,,,,,,
8k93SZ3,,,,0,0,,,,,,
Gc6K6Hz,,,,0,61.75,,,,,,
Rnsq17M,,,,0,0,,,,,,
gpgW-QJ,,,,0,,0,,,,,
blB3CWs,,,,0,0,,,,,,
MbL8QmD,,,,0,1.44,,,,,,
WT0SBB7,,,,0,84.09,,,,,,
gSVWnnN,,,,0,0,,,,,,
SkQgXwS,,,,0,0,0,0,0,0,87.55,0
PXPb_mS,,,,0,0,,,,,,
5hQRTpx,,,,0,0,,,,,,
4WG4dBc,,,,0,0,,,,,,
rxCtxQP,,,,0,0,,,,,,
pz2~~zP,,,,0,0,,,,,,
9HxlggH,,,,0,,,,,,,
~~-N_Cg,,,,0,,,,,,,
ZbVLpPW,,,,0,,,,,,,0
tSq04tH,,,,0,73.01,0,,,,,
rN1rDvc,,,,0,,,,,,,
0HKcNwp,,,,0,,,,,,,
00zDc1R,,,,0,,94.8,,,,,
nwV_K2K,,,,0,,0,,,,,
0~BKzkd,,,,0,0,,,,,,
PPQ4KhV,,,,0,,,,,,,
Wf9K08L,,,,0,76.9,,,,,,
GLCZTjk,,,,0,0,,,,,,
Hgbg5rz,,,,0,48.84,,,,,,
P46553Q,,,,0,0,,,,0,0,
sNlfD05,,,,0,,,,,,,
B7CGbv2,,,,0,,,,,,,
ouirpvt,,,,0,,,95.06,,,,
tguwvaq,,,,0,67.03,,,,,,
l8_Cgkl,,,,,98.83,,,,,,
CbrSkFx,,,,,98.07,,,,,,
2DVrl2v,,,,,97.57,,,,,,
WNl0Qb4,,,,,97.26,0,,,,,
7hB4Sw2,,,,,97.1,,,,,,
tj35fvZ,,,,,96.25,,,,,,
Pm5sH31,,,,,96.1,,,,,,
Vkvnp8s,,,,,96.09,,,,,,
CXH55Wl,,,,,96.0,,,,,,
vatugon,,,,,96.0,0,,,,,
N7T3J~p,,,,,95.8,,,,,,
zZ~p6MW,,,,,95.55,,,,,,
Fb9KPxJ,,,,,95.24,,,,,,
9Pg~md0,,,,,94.94,,,,,,
ubwnnml,,,,,94.79,,,,,,
nvFKpbc,,,,,93.84,,,,,,
gcpwJfM,,,,,93.48,,,,,,
Rtkb6rr,,,,,93.15,,,,,,
TqzKbRG,,,,,93.06,,,,,,
3H0JqNz,,,,,92.68,,,,,,
T9-0_xr,,,,,92.56,,,,,,
GFP78pC,,,,,92.47,,,,,,
sQNFqr5,,,,,92.32,,,,,,
h1Z0VLl,,,,,92.28,,,,,,
3wdkLQ9,,,,,91.56,,,,,,
8jf50Tz,,,,,91.3,,,,,,
kMvC1xM,,,,,91.18,,,,,,
wruxapk,,,,,90.85,,,,,,
3w9KZgG,,,,,90.54,,,,,,
fkfvwhl,,,,,90.28,,,,,,
p2BBDR9,,,,,88.35,,,,,,
~hR9mXg,,,,,87.96,,,,,,
Ks9RSrt,,,,,87.95,,,,,,
-W3_z17,,,,,87.68,,,,,,
82RNBqL,,,,,87.67,,,,,,
ezsotiy,,,,,87.39,,,,,,
F3PrljT,,,,,86.65,,,,,,
P_1SLMG,,,,,86.4,,,,,0,
Mxwp1~g,,,,,86.1,,,,,,
FSk_k45,,,,,86.05,,,,,,
DMVmrH8,,,,,84.91,,,,0,,
x6vNpVd,,,,,84.91,,,,,,
WR3WM2x,,,,,84.1,,,,,,
QFtdZjk,,,,,84.08,,,,,,
NCjq2d5,,,,,83.7,,,,,,
SbPC7B1,,,,,83.45,,,,,,
vheovzl,,,,,82.79,,,,,,
RhPH~n3,,,,,82.72,,,,,,
fwgjnHQ,,,,,82.71,,,,,,
pDvTpCT,,,,,82.53,,,,,,
4s~bJtl,,,,,82.22,,,,,,
14RjXCg,,,,,82.14,,,,,,
DX8~cCC,,,,,82.06,,,,,,
bCt8Q5V,,,,,82.04,,,,,,
GM0lZrw,,,,,81.1,,,,,,
RXg6TXH,,,,,81.04,,,,,,
3Wb5DMZ,,,,,80.3,,,,,,
dk3-LgM,,,,,79.26,,,,,,
tTL_WMg,,,,,79.21,,,,,,
5nTf5~f,,,,,79.08,,,,,,
dVjLsVt,,,,,78.24,,,,,,
xW0q6wt,,,,,77.71,,,,,,
-CG048N,,,,,77.45,,,,,,
dVZ5Msv,,,,,76.97,,,,,,
chS4LZQ,,,,,75.53,,,,,,
XgkbtgD,,,,,75.35,,,,,,
cL7CqKm,,,,,75.33,,,,,,
yrjzqhv,,,,,75.07,,,0,,,
rr-3wPH,,,,,73.52,,,,,,
dDndbv9,,,,,73.36,,,,,0,
9LtBW0f,,,,,73.12,,,,,,
2dTpX6F,,,,,72.84,,,,,,
NFsF5Gr,,,,,72.73,,,,,,
BFnw4ZB,,,,,71.66,,,,,,
VlHFbNX,,,,,70.98,,,,,,
6xmRTZ4,,,,,70.54,,,,,,
C2sNjWn,,,,,70.14,,,,,,
bW9mfFb,,,,,69.6,,,,,,
HGXcK9p,,,,,69.24,,,,,,
1jH_PHv,,,,,69.16,,,,,,
MQvc-v7,,,,,68.98,,,,,,
Nl96d4L,,,,,68.86,,,,,,
lvJN~04,,,,,67.54,,,,,,
8ztm46G,,,,,66.73,,,,,,
mvrvs7b,,,,,66.4,,,,,,
2tlDqJ3,,,,,66.13,,,,,,
7zfv8l1,,,,,65.35,,,,,,
2~-WgWJ,,,,,64.58,,0,,,,
slfhdri,,,,,64.43,,,,,,
v9xLQ4Z,,,,,64.09,,,,,,
tglvccv,,,,,63.76,,,,,,
zCr392r,,,,,63.73,,,,,,
WtqsK3L,,,,,62.17,,,,,,
3l2vL5W,,,,,60.98,,,,47.77,,
w~kw1Z2,,,,,59.97,,,,,,0
stxphvQ,,,,,57.64,,,,,,
j11P7b7,,,,,57.32,,,,,,
qWZVQq3,,,,,55.98,,,,,,
gxnKRQn,,,,,55.56,,,,,,
7Z7n8QH,,,,,54.76,,,,,,0
M~3BBXd,,,,,54.35,,,,,,
5lqNPR4,,,,,53.53,,,0,,0,
XskkMvD,,,,,52.6,,,,,,
zW9j2vG,,,,,51.16,,,,,,
XXJbQlR,,,,,48.37,,,,,,
V4nprGs,,,,,47.99,,,,,,
9-1728b,,,,,47.82,,,,,,
4JMSS_5,,,,,45.01,,,,,,
x3PjzN1,,,,,40.41,,,,,,
P_Shl0f,,,,,35.71,,,,,,
kWFZB5c,,,,,30.9,,,,,,
Q4Sd7JR,,,,,28.13,,,,,,
TfBFGj9,,,,,19.91,,,,,,
hVCQW_1,,,,,17.69,,,,,,
CNggcTV,,,,,16.21,,,,,,
D7hDqp8,,,,,14.31,,,,,,
HBTq8md,,,,,8.21,,,,,,
zTNBbxf,,,,,7.81,,,,,,
LhBKwVk,,,,,7.71,,,,,,
1hhLrKJ,,,,,5.21,,,,,,
GGB146L,,,,,4.08,,,,,,
3tHSK~X,,,,,3.21,,,,,0,
nD9W-NH,,,,,1.29,,,,,,
h9mt07p,,,,,1.21,,,,,,
XQDGBkh,,,,,1.21,,,,,,
FR9xGRV,,,,,0.21,,,,,,
vqvkk~7,,,,,0.21,,,,,,
ncltici,,,,,0,,,,,,
nvGllsr,,,,,0,,,,,,
g02xP8d,,,,,0,,,,,,
5R5x3GS,,,,,0,,,,,,
L09N9vv,,,,,0,,,,,,
4PW5z5h,,,,,0,,,,,,
jq-gS7t,,,,,0,,,,,0,
LTCCq_j,,,,,0,,,,,,
1wgFZv3,,,,,0,,,,,,
H6bn9RZ,,,,,0,,,,,,
1cHkH~C,,,,,0,,,,,,
bnJDdNj,,,,,0,,,,,88.0,
TB-nh5p,,,,,0,,,,,,
Psg3tQS,,,,,0,,,,,,
05fsQsh,,,,,0,,,,,,
SK-zXBh,,,,,0,,,,,,
5k5b2q0,,,,,0,,,,,,
Vq_LHWD,,,,,0,,,,,,
-PZ3g7C,,,,,0,,,,,,
S8qTMwK,,,,,0,,,,,,
W8jPSVH,,,,,0,,,0,,,
PQ4bP2v,,,,,0,,,,,,
1LC6820,,,,,0,,,,,,
xszkmHc,,,,,0,,,,,,
mpFNqWP,,,,,0,,,,,,
GqBhQ9S,,,,,0,,,,,,
0t8WlJ3,,,,,0,,,,,,
rsbM0KG,,,,,0,,,,,,
gMSTXXL,,,,,0,,,,,,
r3tD8Pv,,,,,0,,,,,,
vvX_FGF,,,,,0,,,,,,
V853Mh3,,,,,0,,,,,,
qVP8vSZ,,,,,0,,,,,,
P74nV3f,,,,,0,,,,,,
bLnGtp0,,,,,0,,,,,,
hnWHdgJ,,,,,0,,,,,,
7WqdF06,,,,,0,,,,,,
L7Tc8Rb,,,,,0,,,,,,
jCzM6mf,,,,,0,,,,,,
s9FQRj7,,,,,0,,,,,,
6F-0~xn,,,,,0,,,,,,
nPDnWwG,,,,,0,,,,,,
094WV_f,,,,,0,,,,,,
F_r8rnX,,,,,0,,,,,,
phM0w-Q,,,,,0,,,,,0,
n0Df6Tz,,,,,0,,,,,,
fs80KTv,,,,,0,,,0,,,
FB~VLLl,,,,,0,,,,,,
5XzLKt7,,,,,0,,,,,,
KWZpFFX,,,,,0,,,,,,
lfzkjpf,,,,,0,,,,,,
qwstjjr,,,,,0,,,76.77,,,
abogcov,,,,,0,,,,,,
S8GMKMp,,,,,0,,,,,,
1fv9t~J,,,,,0,,,,,,
jK3tLsJ,,,,,0,,,,,,
6XlK15H,,,,,0,,,,,,
nPrpnlJ,,,,,0,,,,,,
-fHPRgc,,,,,0,,,,,,
h0Nwmjn,,,,,0,,,,,0,
61qhD4r,,,,,0,,,,,,
-JL-BQ3,,,,,0,,,,,,
c7L8Jc0,,,,,0,,,,,,
GpzLN5K,,,,,0,,,,,,
tWVG1kS,,,,,0,,,,,,
ZMLm4Jf,,,,,0,,,,,,
7Q5RBtB,,,,,0,,,,,,
ztz~Grc,,,,,0,,,,,,
Llrm4bz,,,,,0,,,,,,
GwZ0PtM,,,,,0,,,,,,
fbBP-2c,,,,,0,,,,,,
3mH8T_G,,,,,0,,,,,,
VLX3B94,,,,,0,,,,,,
KJlv8jQ,,,,,0,,,,,,
dJVTlVB,,,,,0,,,0,,,
4NZMQlR,,,,,0,,,,,,
1DXR5kz,,,,,0,,,,,,
GJbsQdf,,,,,0,,,,,,
0sxbbbt,,,,,0,,,,,,
fgWgjVl,,,,,0,,,,,,
Ccq2vqk,,,,,0,,,,,,
RqK9vgX,,,,,0,,,,,,
2PpkC8Z,,,,,0,,,,,,
HGqC3-t,,,,,0,,,,,,
2K8lp1t,,,,,0,,,,,,
z8~RTzC,,,,,0,,,0,,,
BXWbPZZ,,,,,0,,,,,,
rjbmCcg,,,,,0,,,,,,
bk6MbW6,,,,,0,,,,,,
zz4hD8p,,,,,0,,,,,,
zvd0gnl,,,,,0,,,,,,
nkxDKQd,,,,,0,,,,,,
nN8wMDF,,,,,0,,,,,,
1Qnlwwj,,,,,0,,,,,,
0Jq8xmC,,,,,0,,,,,,
qsP6bcG,,,,,0,,,,,,
0xQrX0Q,,,,,0,,,,,,
D66rDzF,,,,,0,,,,,,
gPSk6JK,,,,,0,,,,,,
_lhtSlh,,,,,0,,,,,,
~R1NhHP,,,,,0,,,,,,
r2mG~6B,,,,,0,,,,,,
Lpb_DMB,,,,,0,,,,,,
_DlRFLJ,,,,,0,,,,,,
xwbng6x,,,,,0,,,,,,
B5tNPZ3,,,,,0,,,0,,,
64~8hPZ,,,,,0,,,,,,
J8HhTN3,,,,,0,,,,,,
b0sKVx7,,,,,0,,,,0,,
5p7n51k,,,,,0,,,,,,
Fb5vnWW,,,,,0,,,,,,
qzRSppF,,,,,0,,,,,,
7DN72_B,,,,,0,,,,,,
T0p9ppb,,,,,0,,,,,,
7~9WrJz,,,,,0,,,0,,90.55,
0S_ZX80,,,,,0,,,,,,
DnWWT6k,,,,,0,,,,,,
k9N9D1s,,,,,0,,,,,,
~dv0gnh,,,,,0,,,,,0,
Cr_4478,,,,,0,,,,,,
stfzmCk,,,,,0,,,,,,
qjcXSmm,,,,,0,,,,,,
-S1MnwD,,,,,0,,,,,,
n23NlNq,,,,,0,,,,74.32,,
bDpbG0S,,,,,0,,,,,,
r-5TzP6,,,,,0,,,0,,,
3KPv6DJ,,,,,0,,,,,,
80FX9ns,,,,,0,,,0,,,
ZKWh8lD,,,,,0,,,,,,
f-0W5zm,,,,,0,,,,,,
4_bZdzk,,,,,0,,,,,,
sv5PJmh,,,,,0,,,,29.79,,
dHfW-Sj,,,,,0,,,,,,
XsdRt~R,,,,,0,,,,,,
gLBJ4cD,,,,,0,,,,,,
Hnmlrzm,,,,,0,,,,,,
s~NF0~z,,,,,0,,,,,,
XdlrQjt,,,,,0,,,,,,
0Np-NTx,,,,,0,,,,,,
ckXw9~W,,,,,0,,,,,,
pLKdpDf,,,,,0,,,,,0,
~8Bz3wq,,,,,0,,,,,,
vT6DVLm,,,,,0,,,,,,
VQ7sgbS,,,,,0,,,,,,
-77Lqbh,,,,,0,,,,,,
7GhkNpR,,,,,0,,,,,,
gjrDhkj,,,,,0,,,,,,
1XHs1Ng,,,,,0,,,,,,
DXT8384,,,,,0,0,,,,0,
_dnj_K6,,,,,0,,,,,,
KSVf0-G,,,,,0,,,,,,
r5PGrS2,,,,,0,,,,,,
VJH~8nz,,,,,0,,,,,0,
g80SKML,,,,,0,,,,,,
W9SJ1c1,,,,,0,,,,,,
GsL8X6X,,,,,0,,,,,,
M_gs0vW,,,,,0,,,,,,
n9Hnx1b,,,,,0,,,,,,
prBLcnk,,,,,0,,,,,,
lJcZRNF,,,,,0,89.77,,,,,
lRJ52M7,,,,,0,,,,,,
3XJw6hd,,,,,0,,,,,,
jGkbq9g,,,,,0,,,,,,
kSTJ5xf,,,,,0,,,,,,
cs8hXBx,,,,,0,,,,,,
Th42Xj2,,,,,0,,,,,,
zwZlnjV,,,,,0,,,,,,
F6JX8CN,,,,,0,,,,,,
tv6BrsN,,,,,0,,,,,,
Qt39_Jv,,,,,0,,,,,,
_7dqMc8,,,,,0,,,,,,
Kq9h6B0,,,,,0,,,,,,
M9T31vN,,,,,0,,,,,,
22NqX-R,,,,,0,,,,,,
ks~_S0J,,,,,0,,,,0,,
hfmmvsr,,,,,0,,,,,,
R6FXRk1,,,,,0,,,,,,
S0f6_ZJ,,,,,0,,,,,,
sX24qkS,,,,,0,,,,,,
Wchw012,,,,,0,,,,,,
bdqkgsm,,,,,0,,,,,0,
H10shx1,,,,,0,,,,,,
c1fPqkR,,,,,0,,,,,,
Wz20R~v,,,,,0,,,,,,
n7MVg22,,,,,0,,,,,,
7bw~m2X,,,,,0,,,,,,
l5fZcQB,,,,,0,,,,,,
f-T5gmj,,,,,0,,,,75.05,,
hq-x7-8,,,,,0,,,,,,
0CR515t,,,,,0,,,,,,
WB_Hvz0,,,,,0,,,,,,
sGsLmwZ,,,,,0,,,,,,
bQ8mtD2,,,,,0,,,,,,
phVzcPd,,,,,0,,,,,,
f56SHvJ,,,,,0,,,,,,
rPf6KrP,,,,,0,,,,,,
pR7FLNg,,,,,0,,,,,,
-bp6W_8,,,,,0,,,89.05,,,
Z~SbdHj,,,,,0,,,,,,
jx_Ft~M,,,,,0,,,,,,
qsNKjSh,,,,,0,,,,,,
nrTlbBs,,,,,0,,,,,,
nzzqf7p,,,,,0,,,,,,
Q6TwhwM,,,,,0,,,,,,
sdXh_Hx,,,,,0,,,,,,
V6fnS08,,,,,0,,,,,,
FJmk8gH,,,,,0,,,,,,
JhS4fGl,,,,,0,,,,,,
tz_3jL7,,,,,0,,,,,,
M8hXJFL,,,,,0,,,74.26,,,
W5n9Rpt,,,,,0,,,,,,
FCRH~bJ,,,,,0,,,,,,
xX~pMFF,,,,,0,,,,,,
TzRCTkC,,,,,0,,,,,,
rT~_JnQ,,,,,0,,,,,,
2pTxcJL,,,,,0,,,,,,
tHZwm-m,,,,,0,,,,,,
4pfMb15,,,,,0,,,,0,,
c7GtTQd,,,,,0,,,,,,
WxNH8Gb,,,,,0,,,,,,
x~qQR-r,,,,,0,,,,,,
gHRGVgZ,,,,,0,,,,0,0,
j5GVTpH,,,,,0,,,,0,,
SnmvWxx,,,,,0,,,,,,
09sqjHC,,,,,,96.61,,,,,
~0trKbX,,,,,,96.6,,,,,
_xVVgmP,,,,,,96.5,,,,,
1Qn4WfP,,,,,,96.09,,,,,
rt_FgrB,,,,,,95.3,,,,,
zbp-sKQ,,,,,,94.29,,,,,
TXd4t0D,,,,,,93.73,,,0,,
BbTQH66,,,,,,92.11,,,,,
7JnJTxZ,,,,,,86.12,,,,,
7L9Vp9w,,,,,,78.91,,,,0,
mM2q7zD,,,,,,44.5,,,,,
8v1h4HT,,,,,,0.19,,,,,
zcdgtzy,,,,,,0,,,,,
ajyvyof,,,,,,0,,,,,
zDL-3lL,,,,,,0,,,,,
vmywffe,,,,,,0,,,0,86.8,
TcJbhTd,,,,,,0,,,0,95.82,
XcxbsMs,,,,,,0,,,76.72,,
Rf8TL_q,,,,,,0,,,,0,
jP7sLFx,,,,,,0,,,,,
tvDqhV1,,,,,,,79.28,,,,
33STfVM,,,,,,,78.84,,,,
k~bmD9n,,,,,,,0,,,,
W6KqZx3,,,,,,,0,,,,
M5MvBwg,,,,,,,0,,,,
wquffuj,,,,,,,,99.67,,,
Z_gJCQS,,,,,,,,95.63,,,
L6K9sv5,,,,,,,,83.64,,,
cD0W-Xb,,,,,,,,82.78,,0.12,
C0GN4hz,,,,,,,,80.62,,,
gKv76GD,,,,,,,,80.6,,,
G-MXpbn,,,,,,,,70.37,,,
jZvKJ08,,,,,,,,68.55,,,
w3grXbM,,,,,,,,58.76,,,
~xMtcBD,,,,,,,,52.33,0,,
rPh3s81,,,,,,,,52.2,,,
K-89bXN,,,,,,,,45.59,,,
c4jdhkW,,,,,,,,42.88,,,
bhP~v69,,,,,,,,39.34,,,
11BC3XZ,,,,,,,,26.51,,,
01cHRVw,,,,,,,,0,,,
0Jh6B-t,,,,,,,,0,,,
csFd0P9,,,,,,,,0,,,
dm49cwt,,,,,,,,0,,,
GTN8nSQ,,,,,,,,0,,,
QXjVFZT,,,,,,,,0,,,
WJ2-8ll,,,,,,,,0,,,
bxRsQd1,,,,,,,,0,,,
4Qk3_g6,,,,,,,,0,,,
k3F6~5z,,,,,,,,0,,,
6ncP70s,,,,,,,,0,,,
JN60qVk,,,,,,,,0,,,
XJfKRHb,,,,,,,,0,,,
udanall,,,,,,,,,97.59,,
D_hvmqb,,,,,,,,,96.9,,
zvgzhuj,,,,,,,,,96.42,,
wtDF7xS,,,,,,,,,95.66,,
HSwLmWh,,,,,,,,,95.45,,
rBs~wTG,,,,,,,,,95.26,,
jlyxqxt,,,,,,,,,94.07,,
99bgwLQ,,,,,,,,,93.25,,
hjczxeg,,,,,,,,,91.22,,
bZwwt31,,,,,,,,,86.69,,
wXVzqvd,,,,,,,,,85.91,,
NlTqRpb,,,,,,,,,85.14,,
hVH3SZH,,,,,,,,,84.69,,
d0NCqt5,,,,,,,,,83.91,,
D~L3gPT,,,,,,,,,80.66,,
skKjnTm,,,,,,,,,75.05,,
guyxyfi,,,,,,,,,73.94,,
LVLDMxg,,,,,,,,,72.23,,
ZgZhZf9,,,,,,,,,72.23,,
DQgBXgs,,,,,,,,,70.62,,
82dCwB2,,,,,,,,,70.35,,
LJPVLsR,,,,,,,,,70.32,,
pVVCXHT,,,,,,,,,69.27,,
Vk6h6R9,,,,,,,,,56.4,,
k8LhQDV,,,,,,,,,54.28,,
Cq~2hJV,,,,,,,,,51.72,,
glg3l97,,,,,,,,,45.84,,
xrdpn2n,,,,,,,,,44.68,,
sdNm6~K,,,,,,,,,44.04,,
nRw-k5q,,,,,,,,,27.13,,
wVS1zTP,,,,,,,,,25.59,,
50c_5ZF,,,,,,,,,4.31,,
b~Kz-lF,,,,,,,,,0,0,
#N/A,,,,,,,,,,,
fhtiltk,,,,,,,,,0,,
72jRJwR,,,,,,,,,0,,
hPXCtmh,,,,,,,,,0,,
T9sk0BC,,,,,,,,,0,,
NM3S4c4,,,,,,,,,0,,
856wVgJ,,,,,,,,,0,,
jQJNsF3,,,,,,,,,0,,
Zq5pv_T,,,,,,,,,0,,
ng-zpdf,,,,,,,,,0,,
htkg9c2,,,,,,,,,0,,
1Dnq6x1,,,,,,,,,0,,
q1sC7J9,,,,,,,,,0,,
jh_d01d,,,,,,,,,0,,
v1Gw-HV,,,,,,,,,0,,
x8JL8Dp,,,,,,,,,0,0,
BWs28wZ,,,,,,,,,0,,
VTVX-h7,,,,,,,,,0,,
Hs0XbgK,,,,,,,,,0,,
QKKW7WV,,,,,,,,,,97.83,
nZqNJpJ,,,,,,,,,,86.75,
8KsHh7z,,,,,,,,,,84.12,
pyeypwp,,,,,,,,,,83.29,
xQWk~JT,,,,,,,,,,82.32,
M-BPnXb,,,,,,,,,,81.82,
-9~d7L2,,,,,,,,,,70.82,
TcSWPhF,,,,,,,,,,66.3,
z140~mJ,,,,,,,,,,41.4,
W_nH3WJ,,,,,,,,,,0,
wqdt5mw,,,,,,,,,,0,
8j0zxBQ,,,,,,,,,,0,
6sHfMrt,,,,,,,,,,0,
pTCTp23,,,,,,,,,,0,
zFQ_01g,,,,,,,,,,,98.38
5Rwv6bM,,,,,,,,,,,95.65
T4prbjL,,,,,,,,,,,93.13
2MJrCkG,,,,,,,,,,,87.08
42GDSTH,,,,,,,,,,,83.13
lcisbrm,,,,,,,,,,,80.39
hfWrQ7m,,,,,,,,,,,79.83
~GXT0n6,,,,,,,,,,,62.68
fLlcBHG,,,,,,,,,,,29.98
kK_-qnv,,,,,,,,,,,18.8
j1T~X_N,,,,,,,,,,,0
ZZZThFT,,,,,,,,,,,0
